AMST 225L,AMST 225
ANTH 392,ELECTIVE-ANTH,ELECTIVE-ANTH,ELECTIVE-ANTH
ANTH 413L,ANTH 413
ANTH 414L,ANTH 414
ANTH 415L,ANTH 415
ANTH 417L,ANTH 417
APPL 420,CHEM 262,CHEM 262L/263L
APPL 470,PHYS 441
APPL 520L,CHEM 420/CHEM 421/CHEM 425
ASTR 100L,ASTR 100/ASTR 101/ASTR 102/ASTR 103
ASTR 110,PHYS 117/119
ASTR 202,PHYS 119
ASTR 301,ASTR 102,PHYS 117/119
ASTR 504,PHYS 421
ASTR 511,PHYS 412
ASTR 519,PHYS 431
ASTR 704,PHYS 701
BIOL 101L,BIOL 101
BIOL 102L,BIOL 102
BIOL 221,BIOL 221L
BIOL 221L,BIOL 221
BIOL 224H,BIOL 224L
BIOL 224L,BIOL 224
BIOL 226,BIOL 226L
BIOL 226L,BIOL 226L
BIOL 251L,BIOL 251
BIOL 252,BIOL 252L
BIOL 252L,BIOL 252
BIOL 253L,BIOL 253
BIOL 253,BIOL 253L
BIOL 255L,BIOL 255
BIOL 271,BIOL 271L
BIOL 271L,BIOL 271
BIOL 274,BIOL 274L
BIOL 274L,BIOL 274
BIOL 277L,BIOL 277
BIOL 278L,BIOL 278
BIOL 409L,ARTS 409
BIOL 421L,BIOL 422
BIOL 422L,BIOL 422
BIOL 423,BIOL 423L
BIOL 423L,BIOL 423
BIOL 427,BIOL 201,BIOL 202
BIOL 441L,BIOL 441
BIOL 447,BIOL 447L
BIOL 447L,BIOL 447
BIOL 451L,BIOL 451
BIOL 471,BIOL 471L
BIOL 471L,BIOL 471
BIOL 473L,BIOL 473
BIOL 473,BIOL 473L
BIOL 474L,BIOL 474
BIOL 475,BIOL 475L
BIOL 475L,BIOL 475
BIOL 476,BIOL 476L
BIOL 476L,BIOL 476
BIOL 525,BIOL 525L
BIOL 525L,BIOL 525
BIOL 528,BIOL 528L
BIOL 528L,BIOL 528
BIOL 553,BIOL 553L/MATH 553L
BIOL 553L,BIOL 553/MATH 553
BIOL 555,BIOL 555L
BIOL 555L,BIOL 555
BMME 150,MATH 383,PHYS117/PHYS119
BMME 209,PHYS117/PHYS119
BMME 298,PHYS117/PHYS119
BMME 355,BMME 365
BMME 365,MATH 383
BMME 375,BMME 301, BMME 385
BMME 420,BMME 325/CHEM 430
BMME 698,ELECTIVE,ELECTIVE,ELECTIVE
BIOS 500H,BIOS 511
BIOS 512,BIOS 600/BIOS 500H
BIOS 662,BIOS 511/BIOS 560
BIOS 762,BIOS 760
BUSI 407,BUSI 102
BUSI 412,BUSI 411
BUSI 514,BUSI 554
BUSI 554,BUSI 408
BUSI 582,BUSI 408
BUSI 603,BUSI 585
BUSI 605,BUSI 408,BUSI 585
CBMC 804B,CBMC 804A
CHEM 101L,CHEM 101
CHEM 102L,CHEM 102/CHEM 102H
CHEM 241L,CHEM 241/CHEM 241H
CHEM 245L,CHEM 241H
CHEM 261L,CHEM 261
CHEM 262L,CHEM 262/CHEM 262H
CHEM 263L,CHEM 262H
CHEM 291,EDUC 150
CHEM 397H,CHEM 395H
CHEM 420,CHEM 262/CHEM 262H,CHEM 262L/CHEM 263L
CHEM 441L,CHEM 441
CHEM 470,CHEM 441
CHEM 481,MATH 383,PHYS 117/PHYS 119
CHEM 481L,CHEM 482
CHEM 520L,CHEM 420/CHEM 421/CHEM 425
CHEM 530L,CHEM 430
CHEM 541L,CHEM 441
CHEM 742L,CHEM 742
CLSC 775,CLSC 770/CLSC 772
COMP 210,COMP 283/MATH 381
COMP 227,COMP 210/COMP 401
ECON 493,ECON 525
ECON 525,ECON 493
ECON 551,ECON 470/ECON 570
ECON 565,ECON 470/ECON 570
ECON 580,ECON 470/ECON 570
ECON 710,ECON 410,ECON 700
EDUC 568,EDUC 593
ENGL 610,ENGL 298
ENEC 324L,ENEC/GEOL 324
ENEC 415,PHYS 115/PHYS 118,COMP 116
ENEC 421,ENEC 201/ENEC 202
EPID 625,EPID 600
EPID 710,BIOS 600/SPHG 711
EPID 712,EPID 710
EPID 715,BIOS 545
EPID 790,EPID 705/EPID 710
EPID 804,PUBH 742
EPID 826,EPID 600
EPID 827,EPID 715/EPID 716
EPID 851,BIOS 600,EPID 600
DPET 854,DPET 853
DPET 858,DPET 857
FREN 305,FREN 300
FREN 310,FREN 300
FREN 315,FREN 300
FREN 320,FREN 300
GEOL 101L,GEOL 101/GEOL 159/GEOL 200/GEOL 201
GEOL 301,CHEM 101
GEOL 305,CHEM 101
GEOL 324L,ENEC/GEOL 324
GEOL 415,PHYS 115/PHYS 118,COMP 116
GEOL 417L,GEOL 417
GEOL 555,BIOL 555L
GERM 303,GERM 301/GERM 302
GLBL 394,GLBL 381
HBEH 625,EPID 600
HBEH 787,HBEH 785/ENVR 795
HPM 715L,HPM 715
INLS 382,INLS 161
INLS 721,INLS 520
INLS 889,INLS 888
IDST 111,IDST 190L
IDST 112,IDST 190L
IDST 113,IDST 190L
IDST 114,IDST 190L
IDST 115,IDST 190L
IDST 116,IDST 190L
IDST 117,IDST 190L
IDST 118,IDST 190L
IDST 119,IDST 190L
IDST 190,IDST 190L
MASC 101L,MASC 101
MASC 415,PHYS 115/PHYS 118,COMP 116
MHCH 625,EPID 600
MHCH 713L,MHCH 713
MHCH 851,BIOS 600,EPID 600
MATH 110L,MATH 110
MATH 231L,MATH 231
MATH 383L,MATH 383
MATH 528L,MATH 528
MATH 529L,MATH 529
MATH 553,BIOL 553L/MATH 553L
MATH 553L,MATH 553/BIOL 554
MEJO 485,MEJO 153
MUSC 123,MUSC 202
MUSC 130,MUSC 131
MUSC 131,MUSC 130
MUSC 133,MUSC 132
MUSC 230,MUSC 232
MUSC 991,MUSC 994
MUSC 994,MUSC 991
NAVS 202,NAVS 202
NAVS 202L,NAVS 202
NURS 310,NURS 330,NURS 351
NURS 311,NURS 352
NURS 321,NURS 320
NURS 330,NURS 330,NURS 351
NURS 351,NURS 330
NURS 410,NURS 430
NURS 411,NURS 697.
NURS 481,NURS 311,NURS 352
NURS 482,NURS 302,NURS 311,NURS 352
NURS 483,NURS 410
NURS 484,NURS 410
NURS 512,NURS 352
NURS 609,NURS 320
NURS 616,NURS 430
NURS 697,NURS 401, NURS 411
NURS 715,NURS 750,NURS752
NURS 720,NURS 715
NURS 722,NURS 720
NUTR 660,NUTR 660L
NUTR 660L,NUTR 660
NUTR 760,NUTR 760
NUTR 760L,NUTR 760
NUTR 761L,NUTR 760
PATH 713,PATH 714L
PATH 714L,PATH 713
PATH 715,PATH 716L
PATH 716L,PATH 715
PHCY 514,PHCY 515L
PHYS 118,MATH 232
PHYS 119,MATH 233
PHYS 128,PHYS 128L
PHYS 128L,PHYS 128
PHYS 131,PHYS 131L
PHYS 131L,PHYS 131
PHYS 201,MATH 383,PHYS 281L
PHYS 231,PHYS 114/PHYS 118
PHYS 331,MATH 383
PHYS 401,MATH 383,PHYS 281L, PHYS 331
PHYS 471,PHYS 211/PHYS 311
PHYS 510L,PHYS 510
PHYS 581,CHEM 261,CHEM 481
PHYS 582,CHEM 261,CHEM 481
POLI 150L,POLI 150
PSYC 528,PSYC 270
PUBA 201,PUBA 202
PUBA 202,PUBA 201
PUBH 782,SPHG 711,SPHG 712,SPHG 713
PUBH 785,SPHG 711,SPHG 712,SPHG 713
PLCY 581,PLCY 460
SPHG 701,SPHG 711,SPHG 712,SPHG 713,SPHG 721,SPHG 722
SPHG 703,SPHG 711,SPHG 712,SPHG 713,SPHG 721,SPHG 722, SPHG 701
SPHG 704,SPHG 703
SPHG 712,SPHG 713
SPHG 713,SPHG 712
SOWO 760,SOWO 540,SOWO 700
SOWO 761,SOWO 540,SOWO 700
SOWO 765,SOWO 540
SOWO 836,SOWO 530
SOWO 837,SOWO 530
ARTS 409,BIOL 409L